KEY,FREQ,CURRENCY,CURRENCY_DENOM,EXR_TYPE,EXR_SUFFIX,TIME_PERIOD,OBS_VALUE,OBS_STATUS,OBS_CONF,OBS_PRE_BREAK,OBS_COM,TIME_FORMAT,BREAKS,COLLECTION,COMPILING_ORG,DISS_ORG,DOM_SER_IDS,PUBL_ECB,PUBL_MU,PUBL_PUBLIC,UNIT_INDEX_BASE,COMPILATION,COVERAGE,DECIMALS,NAT_TITLE,SOURCE_AGENCY,SOURCE_PUB,TITLE,TITLE_COMPL,UNIT,UNIT_MULT
EXR.M.DKK.EUR.SP00.A,M,DKK,EUR,SP00,A,2023-01,7.4383090909091,A,F,,,P1M,,A,,,,,,,99Q1=100,,,4,,4F0,,Danish krone/Euro ECB reference exchange rate,"ECB reference exchange rate, Danish krone/Euro, 2.15 pm (C.E.T.)",DKK,0
EXR.M.DKK.EUR.SP00.A,M,DKK,EUR,SP00,A,2023-02,7.44472,A,F,,,P1M,,A,,,,,,,99Q1=100,,,4,,4F0,,Danish krone/Euro ECB reference exchange rate,"ECB reference exchange rate, Danish krone/Euro, 2.15 pm (C.E.T.)",DKK,0
EXR.M.DKK.EUR.SP00.A,M,DKK,EUR,SP00,A,2023-03,7.4456434782609,A,F,,,P1M,,A,,,,,,,99Q1=100,,,4,,4F0,,Danish krone/Euro ECB reference exchange rate,"ECB reference exchange rate, Danish krone/Euro, 2.15 pm (C.E.T.)",DKK,0
EXR.M.DKK.EUR.SP00.A,M,DKK,EUR,SP00,A,2023-04,7.4517944444444,A,F,,,P1M,,A,,,,,,,99Q1=100,,,4,,4F0,,Danish krone/Euro ECB reference exchange rate,"ECB reference exchange rate, Danish krone/Euro, 2.15 pm (C.E.T.)",DKK,0
EXR.M.DKK.EUR.SP00.A,M,DKK,EUR,SP00,A,2023-05,7.4485318181818,A,F,,,P1M,,A,,,,,,,99Q1=100,,,4,,4F0,,Danish krone/Euro ECB reference exchange rate,"ECB reference exchange rate, Danish krone/Euro, 2.15 pm (C.E.T.)",DKK,0
EXR.M.DKK.EUR.SP00.A,M,DKK,EUR,SP00,A,2023-06,7.4492318181818,A,F,,,P1M,,A,,,,,,,99Q1=100,,,4,,4F0,,Danish krone/Euro ECB reference exchange rate,"ECB reference exchange rate, Danish krone/Euro, 2.15 pm (C.E.T.)",DKK,0
EXR.M.DKK.EUR.SP00.A,M,DKK,EUR,SP00,A,2023-07,7.4507857142857,A,F,,,P1M,,A,,,,,,,99Q1=100,,,4,,4F0,,Danish krone/Euro ECB reference exchange rate,"ECB reference exchange rate, Danish krone/Euro, 2.15 pm (C.E.T.)",DKK,0
EXR.M.DKK.EUR.SP00.A,M,DKK,EUR,SP00,A,2023-08,7.452152173913,A,F,,,P1M,,A,,,,,,,99Q1=100,,,4,,4F0,,Danish krone/Euro ECB reference exchange rate,"ECB reference exchange rate, Danish krone/Euro, 2.15 pm (C.E.T.)",DKK,0
EXR.M.DKK.EUR.SP00.A,M,DKK,EUR,SP00,A,2023-09,7.456580952381,A,F,,,P1M,,A,,,,,,,99Q1=100,,,4,,4F0,,Danish krone/Euro ECB reference exchange rate,"ECB reference exchange rate, Danish krone/Euro, 2.15 pm (C.E.T.)",DKK,0
EXR.M.DKK.EUR.SP00.A,M,DKK,EUR,SP00,A,2023-10,7.4604181818182,A,F,,,P1M,,A,,,,,,,99Q1=100,,,4,,4F0,,Danish krone/Euro ECB reference exchange rate,"ECB reference exchange rate, Danish krone/Euro, 2.15 pm (C.E.T.)",DKK,0
EXR.M.DKK.EUR.SP00.A,M,DKK,EUR,SP00,A,2023-11,7.4580863636364,A,F,,,P1M,,A,,,,,,,99Q1=100,,,4,,4F0,,Danish krone/Euro ECB reference exchange rate,"ECB reference exchange rate, Danish krone/Euro, 2.15 pm (C.E.T.)",DKK,0
EXR.M.DKK.EUR.SP00.A,M,DKK,EUR,SP00,A,2023-12,7.4556368421053,A,F,,,P1M,,A,,,,,,,99Q1=100,,,4,,4F0,,Danish krone/Euro ECB reference exchange rate,"ECB reference exchange rate, Danish krone/Euro, 2.15 pm (C.E.T.)",DKK,0
EXR.M.DKK.EUR.SP00.A,M,DKK,EUR,SP00,A,2024-01,7.4572,A,F,,,P1M,,A,,,,,,,99Q1=100,,,4,,4F0,,Danish krone/Euro ECB reference exchange rate,"ECB reference exchange rate, Danish krone/Euro, 2.15 pm (C.E.T.)",DKK,0
EXR.M.DKK.EUR.SP00.A,M,DKK,EUR,SP00,A,2024-02,7.4549904761905,A,F,,,P1M,,A,,,,,,,99Q1=100,,,4,,4F0,,Danish krone/Euro ECB reference exchange rate,"ECB reference exchange rate, Danish krone/Euro, 2.15 pm (C.E.T.)",DKK,0
EXR.M.DKK.EUR.SP00.A,M,DKK,EUR,SP00,A,2024-03,7.456575,A,F,,,P1M,,A,,,,,,,99Q1=100,,,4,,4F0,,Danish krone/Euro ECB reference exchange rate,"ECB reference exchange rate, Danish krone/Euro, 2.15 pm (C.E.T.)",DKK,0
EXR.M.DKK.EUR.SP00.A,M,DKK,EUR,SP00,A,2024-04,7.4595904761905,A,F,,,P1M,,A,,,,,,,99Q1=100,,,4,,4F0,,Danish krone/Euro ECB reference exchange rate,"ECB reference exchange rate, Danish krone/Euro, 2.15 pm (C.E.T.)",DKK,0
EXR.M.DKK.EUR.SP00.A,M,DKK,EUR,SP00,A,2024-05,7.4605590909091,A,F,,,P1M,,A,,,,,,,99Q1=100,,,4,,4F0,,Danish krone/Euro ECB reference exchange rate,"ECB reference exchange rate, Danish krone/Euro, 2.15 pm (C.E.T.)",DKK,0
EXR.M.DKK.EUR.SP00.A,M,DKK,EUR,SP00,A,2024-06,7.45916,A,F,,,P1M,,A,,,,,,,99Q1=100,,,4,,4F0,,Danish krone/Euro ECB reference exchange rate,"ECB reference exchange rate, Danish krone/Euro, 2.15 pm (C.E.T.)",DKK,0
EXR.M.DKK.EUR.SP00.A,M,DKK,EUR,SP00,A,2024-07,7.4606,A,F,,,P1M,,A,,,,,,,99Q1=100,,,4,,4F0,,Danish krone/Euro ECB reference exchange rate,"ECB reference exchange rate, Danish krone/Euro, 2.15 pm (C.E.T.)",DKK,0
EXR.M.DKK.EUR.SP00.A,M,DKK,EUR,SP00,A,2024-08,7.4614454545455,A,F,,,P1M,,A,,,,,,,99Q1=100,,,4,,4F0,,Danish krone/Euro ECB reference exchange rate,"ECB reference exchange rate, Danish krone/Euro, 2.15 pm (C.E.T.)",DKK,0
EXR.M.DKK.EUR.SP00.A,M,DKK,EUR,SP00,A,2024-09,7.4599714285714,A,F,,,P1M,,A,,,,,,,99Q1=100,,,4,,4F0,,Danish krone/Euro ECB reference exchange rate,"ECB reference exchange rate, Danish krone/Euro, 2.15 pm (C.E.T.)",DKK,0
EXR.M.DKK.EUR.SP00.A,M,DKK,EUR,SP00,A,2024-10,7.4592652173913,A,F,,,P1M,,A,,,,,,,99Q1=100,,,4,,4F0,,Danish krone/Euro ECB reference exchange rate,"ECB reference exchange rate, Danish krone/Euro, 2.15 pm (C.E.T.)",DKK,0
EXR.M.DKK.EUR.SP00.A,M,DKK,EUR,SP00,A,2024-11,7.4582761904762,A,F,,,P1M,,A,,,,,,,99Q1=100,,,4,,4F0,,Danish krone/Euro ECB reference exchange rate,"ECB reference exchange rate, Danish krone/Euro, 2.15 pm (C.E.T.)",DKK,0
EXR.M.DKK.EUR.SP00.A,M,DKK,EUR,SP00,A,2024-12,7.45892,A,F,,,P1M,,A,,,,,,,99Q1=100,,,4,,4F0,,Danish krone/Euro ECB reference exchange rate,"ECB reference exchange rate, Danish krone/Euro, 2.15 pm (C.E.T.)",DKK,0
EXR.M.DKK.EUR.SP00.A,M,DKK,EUR,SP00,A,2025-01,7.4608954545455,A,F,,,P1M,,A,,,,,,,99Q1=100,,,4,,4F0,,Danish krone/Euro ECB reference exchange rate,"ECB reference exchange rate, Danish krone/Euro, 2.15 pm (C.E.T.)",DKK,0
EXR.M.DKK.EUR.SP00.A,M,DKK,EUR,SP00,A,2025-02,7.4592,A,F,,,P1M,,A,,,,,,,99Q1=100,,,4,,4F0,,Danish krone/Euro ECB reference exchange rate,"ECB reference exchange rate, Danish krone/Euro, 2.15 pm (C.E.T.)",DKK,0
EXR.M.DKK.EUR.SP00.A,M,DKK,EUR,SP00,A,2025-03,7.4596523809524,A,F,,,P1M,,A,,,,,,,99Q1=100,,,4,,4F0,,Danish krone/Euro ECB reference exchange rate,"ECB reference exchange rate, Danish krone/Euro, 2.15 pm (C.E.T.)",DKK,0
EXR.M.DKK.EUR.SP00.A,M,DKK,EUR,SP00,A,2025-04,7.464814999999999,A,F,,,P1M,,A,,,,,,,99Q1=100,,,4,,4F0,,Danish krone/Euro ECB reference exchange rate,"ECB reference exchange rate, Danish krone/Euro, 2.15 pm (C.E.T.)",DKK,0
EXR.M.DKK.EUR.SP00.A,M,DKK,EUR,SP00,A,2025-05,7.46,A,F,,,P1M,,A,,,,,,,99Q1=100,,,4,,4F0,,Danish krone/Euro ECB reference exchange rate,"ECB reference exchange rate, Danish krone/Euro, 2.15 pm (C.E.T.)",DKK,0
EXR.M.DKK.EUR.SP00.A,M,DKK,EUR,SP00,A,2025-06,7.459700000000001,A,F,,,P1M,,A,,,,,,,99Q1=100,,,4,,4F0,,Danish krone/Euro ECB reference exchange rate,"ECB reference exchange rate, Danish krone/Euro, 2.15 pm (C.E.T.)",DKK,0
EXR.M.DKK.EUR.SP00.A,M,DKK,EUR,SP00,A,2025-07,7.462517391304349,A,F,,,P1M,,A,,,,,,,99Q1=100,,,4,,4F0,,Danish krone/Euro ECB reference exchange rate,"ECB reference exchange rate, Danish krone/Euro, 2.15 pm (C.E.T.)",DKK,0
EXR.M.DKK.EUR.SP00.A,M,DKK,EUR,SP00,A,2025-08,7.463752380952381,A,F,,,P1M,,A,,,,,,,99Q1=100,,,4,,4F0,,Danish krone/Euro ECB reference exchange rate,"ECB reference exchange rate, Danish krone/Euro, 2.15 pm (C.E.T.)",DKK,0
EXR.M.DKK.EUR.SP00.A,M,DKK,EUR,SP00,A,2025-09,7.464386363636362,A,F,,,P1M,,A,,,,,,,99Q1=100,,,4,,4F0,,Danish krone/Euro ECB reference exchange rate,"ECB reference exchange rate, Danish krone/Euro, 2.15 pm (C.E.T.)",DKK,0
EXR.M.DKK.EUR.SP00.A,M,DKK,EUR,SP00,A,2025-10,7.468039130434784,A,F,,,P1M,,A,,,,,,,99Q1=100,,,4,,4F0,,Danish krone/Euro ECB reference exchange rate,"ECB reference exchange rate, Danish krone/Euro, 2.15 pm (C.E.T.)",DKK,0
EXR.M.DKK.EUR.SP00.A,M,DKK,EUR,SP00,A,2025-11,7.4679449999999985,A,F,,,P1M,,A,,,,,,,99Q1=100,,,4,,4F0,,Danish krone/Euro ECB reference exchange rate,"ECB reference exchange rate, Danish krone/Euro, 2.15 pm (C.E.T.)",DKK,0
EXR.M.DKK.EUR.SP00.A,M,DKK,EUR,SP00,A,2025-12,7.469633333333333,A,F,,,P1M,,A,,,,,,,99Q1=100,,,4,,4F0,,Danish krone/Euro ECB reference exchange rate,"ECB reference exchange rate, Danish krone/Euro, 2.15 pm (C.E.T.)",DKK,0
EXR.M.DKK.EUR.SP00.A,M,DKK,EUR,SP00,A,2026-01,7.470266666666666,A,F,,,P1M,,A,,,,,,,99Q1=100,,,4,,4F0,,Danish krone/Euro ECB reference exchange rate,"ECB reference exchange rate, Danish krone/Euro, 2.15 pm (C.E.T.)",DKK,0
EXR.M.DKK.EUR.SP00.A,M,DKK,EUR,SP00,A,2026-02,7.4702,A,F,,,P1M,,A,,,,,,,99Q1=100,,,4,,4F0,,Danish krone/Euro ECB reference exchange rate,"ECB reference exchange rate, Danish krone/Euro, 2.15 pm (C.E.T.)",DKK,0
EXR.M.DKK.EUR.SP00.A,M,DKK,EUR,SP00,A,2026-03,7.471686363636365,A,F,,,P1M,,A,,,,,,,99Q1=100,,,4,,4F0,,Danish krone/Euro ECB reference exchange rate,"ECB reference exchange rate, Danish krone/Euro, 2.15 pm (C.E.T.)",DKK,0
EXR.M.DKK.EUR.SP00.A,M,DKK,EUR,SP00,A,2026-04,7.472795,A,F,,,P1M,,A,,,,,,,99Q1=100,,,4,,4F0,,Danish krone/Euro ECB reference exchange rate,"ECB reference exchange rate, Danish krone/Euro, 2.15 pm (C.E.T.)",DKK,0
EXR.M.DKK.EUR.SP00.A,M,DKK,EUR,SP00,A,2026-05,7.4728150000000015,A,F,,,P1M,,A,,,,,,,99Q1=100,,,4,,4F0,,Danish krone/Euro ECB reference exchange rate,"ECB reference exchange rate, Danish krone/Euro, 2.15 pm (C.E.T.)",DKK,0
EXR.M.DKK.EUR.SP00.A,M,DKK,EUR,SP00,A,2026-06,7.474431818181819,A,F,,,P1M,,A,,,,,,,99Q1=100,,,4,,4F0,,Danish krone/Euro ECB reference exchange rate,"ECB reference exchange rate, Danish krone/Euro, 2.15 pm (C.E.T.)",DKK,0
EXR.M.DKK.EUR.SP00.A,M,DKK,EUR,SP00,A,2026-07,7.475178260869566,A,F,,,P1M,,A,,,,,,,99Q1=100,,,4,,4F0,,Danish krone/Euro ECB reference exchange rate,"ECB reference exchange rate, Danish krone/Euro, 2.15 pm (C.E.T.)",DKK,0
EXR.M.DKK.EUR.SP00.A,M,DKK,EUR,SP00,A,2026-08,7.475519047619047,A,F,,,P1M,,A,,,,,,,99Q1=100,,,4,,4F0,,Danish krone/Euro ECB reference exchange rate,"ECB reference exchange rate, Danish krone/Euro, 2.15 pm (C.E.T.)",DKK,0
EXR.M.DKK.EUR.SP00.A,M,DKK,EUR,SP00,A,2026-09,7.475172727272729,A,F,,,P1M,,A,,,,,,,99Q1=100,,,4,,4F0,,Danish krone/Euro ECB reference exchange rate,"ECB reference exchange rate, Danish krone/Euro, 2.15 pm (C.E.T.)",DKK,0
EXR.M.SEK.EUR.SP00.A,M,SEK,EUR,SP00,A,2023-01,11.2050909090909,A,F,,,P1M,,A,,,,,,,99Q1=100,,,4,,4F0,,Swedish krona/Euro ECB reference exchange rate,"ECB reference exchange rate, Swedish krona/Euro, 2.15 pm (C.E.T.)",SEK,0
EXR.M.SEK.EUR.SP00.A,M,SEK,EUR,SP00,A,2023-02,11.172465,A,F,,,P1M,,A,,,,,,,99Q1=100,,,4,,4F0,,Swedish krona/Euro ECB reference exchange rate,"ECB reference exchange rate, Swedish krona/Euro, 2.15 pm (C.E.T.)",SEK,0
EXR.M.SEK.EUR.SP00.A,M,SEK,EUR,SP00,A,2023-03,11.227552173913,A,F,,,P1M,,A,,,,,,,99Q1=100,,,4,,4F0,,Swedish krona/Euro ECB reference exchange rate,"ECB reference exchange rate, Swedish krona/Euro, 2.15 pm (C.E.T.)",SEK,0
EXR.M.SEK.EUR.SP00.A,M,SEK,EUR,SP00,A,2023-04,11.3369944444444,A,F,,,P1M,,A,,,,,,,99Q1=100,,,4,,4F0,,Swedish krona/Euro ECB reference exchange rate,"ECB reference exchange rate, Swedish krona/Euro, 2.15 pm (C.E.T.)",SEK,0
EXR.M.SEK.EUR.SP00.A,M,SEK,EUR,SP00,A,2023-05,11.3696772727273,A,F,,,P1M,,A,,,,,,,99Q1=100,,,4,,4F0,,Swedish krona/Euro ECB reference exchange rate,"ECB reference exchange rate, Swedish krona/Euro, 2.15 pm (C.E.T.)",SEK,0
EXR.M.SEK.EUR.SP00.A,M,SEK,EUR,SP00,A,2023-06,11.6765954545455,A,F,,,P1M,,A,,,,,,,99Q1=100,,,4,,4F0,,Swedish krona/Euro ECB reference exchange rate,"ECB reference exchange rate, Swedish krona/Euro, 2.15 pm (C.E.T.)",SEK,0
EXR.M.SEK.EUR.SP00.A,M,SEK,EUR,SP00,A,2023-07,11.6343238095238,A,F,,,P1M,,A,,,,,,,99Q1=100,,,4,,4F0,,Swedish krona/Euro ECB reference exchange rate,"ECB reference exchange rate, Swedish krona/Euro, 2.15 pm (C.E.T.)",SEK,0
EXR.M.SEK.EUR.SP00.A,M,SEK,EUR,SP00,A,2023-08,11.8117,A,F,,,P1M,,A,,,,,,,99Q1=100,,,4,,4F0,,Swedish krona/Euro ECB reference exchange rate,"ECB reference exchange rate, Swedish krona/Euro, 2.15 pm (C.E.T.)",SEK,0
EXR.M.SEK.EUR.SP00.A,M,SEK,EUR,SP00,A,2023-09,11.8417380952381,A,F,,,P1M,,A,,,,,,,99Q1=100,,,4,,4F0,,Swedish krona/Euro ECB reference exchange rate,"ECB reference exchange rate, Swedish krona/Euro, 2.15 pm (C.E.T.)",SEK,0
EXR.M.SEK.EUR.SP00.A,M,SEK,EUR,SP00,A,2023-10,11.6472409090909,A,F,,,P1M,,A,,,,,,,99Q1=100,,,4,,4F0,,Swedish krona/Euro ECB reference exchange rate,"ECB reference exchange rate, Swedish krona/Euro, 2.15 pm (C.E.T.)",SEK,0
EXR.M.SEK.EUR.SP00.A,M,SEK,EUR,SP00,A,2023-11,11.5474909090909,A,F,,,P1M,,A,,,,,,,99Q1=100,,,4,,4F0,,Swedish krona/Euro ECB reference exchange rate,"ECB reference exchange rate, Swedish krona/Euro, 2.15 pm (C.E.T.)",SEK,0
EXR.M.SEK.EUR.SP00.A,M,SEK,EUR,SP00,A,2023-12,11.2028421052632,A,F,,,P1M,,A,,,,,,,99Q1=100,,,4,,4F0,,Swedish krona/Euro ECB reference exchange rate,"ECB reference exchange rate, Swedish krona/Euro, 2.15 pm (C.E.T.)",SEK,0
EXR.M.SEK.EUR.SP00.A,M,SEK,EUR,SP00,A,2024-01,11.2833772727273,A,F,,,P1M,,A,,,,,,,99Q1=100,,,4,,4F0,,Swedish krona/Euro ECB reference exchange rate,"ECB reference exchange rate, Swedish krona/Euro, 2.15 pm (C.E.T.)",SEK,0
EXR.M.SEK.EUR.SP00.A,M,SEK,EUR,SP00,A,2024-02,11.249980952381,A,F,,,P1M,,A,,,,,,,99Q1=100,,,4,,4F0,,Swedish krona/Euro ECB reference exchange rate,"ECB reference exchange rate, Swedish krona/Euro, 2.15 pm (C.E.T.)",SEK,0
EXR.M.SEK.EUR.SP00.A,M,SEK,EUR,SP00,A,2024-03,11.30538,A,F,,,P1M,,A,,,,,,,99Q1=100,,,4,,4F0,,Swedish krona/Euro ECB reference exchange rate,"ECB reference exchange rate, Swedish krona/Euro, 2.15 pm (C.E.T.)",SEK,0
EXR.M.SEK.EUR.SP00.A,M,SEK,EUR,SP00,A,2024-04,11.5909619047619,A,F,,,P1M,,A,,,,,,,99Q1=100,,,4,,4F0,,Swedish krona/Euro ECB reference exchange rate,"ECB reference exchange rate, Swedish krona/Euro, 2.15 pm (C.E.T.)",SEK,0
EXR.M.SEK.EUR.SP00.A,M,SEK,EUR,SP00,A,2024-05,11.6186045454545,A,F,,,P1M,,A,,,,,,,99Q1=100,,,4,,4F0,,Swedish krona/Euro ECB reference exchange rate,"ECB reference exchange rate, Swedish krona/Euro, 2.15 pm (C.E.T.)",SEK,0
EXR.M.SEK.EUR.SP00.A,M,SEK,EUR,SP00,A,2024-06,11.28512,A,F,,,P1M,,A,,,,,,,99Q1=100,,,4,,4F0,,Swedish krona/Euro ECB reference exchange rate,"ECB reference exchange rate, Swedish krona/Euro, 2.15 pm (C.E.T.)",SEK,0
EXR.M.SEK.EUR.SP00.A,M,SEK,EUR,SP00,A,2024-07,11.5324043478261,A,F,,,P1M,,A,,,,,,,99Q1=100,,,4,,4F0,,Swedish krona/Euro ECB reference exchange rate,"ECB reference exchange rate, Swedish krona/Euro, 2.15 pm (C.E.T.)",SEK,0
EXR.M.SEK.EUR.SP00.A,M,SEK,EUR,SP00,A,2024-08,11.4556590909091,A,F,,,P1M,,A,,,,,,,99Q1=100,,,4,,4F0,,Swedish krona/Euro ECB reference exchange rate,"ECB reference exchange rate, Swedish krona/Euro, 2.15 pm (C.E.T.)",SEK,0
EXR.M.SEK.EUR.SP00.A,M,SEK,EUR,SP00,A,2024-09,11.3577285714286,A,F,,,P1M,,A,,,,,,,99Q1=100,,,4,,4F0,,Swedish krona/Euro ECB reference exchange rate,"ECB reference exchange rate, Swedish krona/Euro, 2.15 pm (C.E.T.)",SEK,0
EXR.M.SEK.EUR.SP00.A,M,SEK,EUR,SP00,A,2024-10,11.404752173913,A,F,,,P1M,,A,,,,,,,99Q1=100,,,4,,4F0,,Swedish krona/Euro ECB reference exchange rate,"ECB reference exchange rate, Swedish krona/Euro, 2.15 pm (C.E.T.)",SEK,0
EXR.M.SEK.EUR.SP00.A,M,SEK,EUR,SP00,A,2024-11,11.5828333333333,A,F,,,P1M,,A,,,,,,,99Q1=100,,,4,,4F0,,Swedish krona/Euro ECB reference exchange rate,"ECB reference exchange rate, Swedish krona/Euro, 2.15 pm (C.E.T.)",SEK,0
EXR.M.SEK.EUR.SP00.A,M,SEK,EUR,SP00,A,2024-12,11.50403,A,F,,,P1M,,A,,,,,,,99Q1=100,,,4,,4F0,,Swedish krona/Euro ECB reference exchange rate,"ECB reference exchange rate, Swedish krona/Euro, 2.15 pm (C.E.T.)",SEK,0
EXR.M.SEK.EUR.SP00.A,M,SEK,EUR,SP00,A,2025-01,11.4796727272727,A,F,,,P1M,,A,,,,,,,99Q1=100,,,4,,4F0,,Swedish krona/Euro ECB reference exchange rate,"ECB reference exchange rate, Swedish krona/Euro, 2.15 pm (C.E.T.)",SEK,0
EXR.M.SEK.EUR.SP00.A,M,SEK,EUR,SP00,A,2025-02,11.24739,A,F,,,P1M,,A,,,,,,,99Q1=100,,,4,,4F0,,Swedish krona/Euro ECB reference exchange rate,"ECB reference exchange rate, Swedish krona/Euro, 2.15 pm (C.E.T.)",SEK,0
EXR.M.SEK.EUR.SP00.A,M,SEK,EUR,SP00,A,2025-03,10.9675142857143,A,F,,,P1M,,A,,,,,,,99Q1=100,,,4,,4F0,,Swedish krona/Euro ECB reference exchange rate,"ECB reference exchange rate, Swedish krona/Euro, 2.15 pm (C.E.T.)",SEK,0
EXR.M.SEK.EUR.SP00.A,M,SEK,EUR,SP00,A,2025-04,10.974425,A,F,,,P1M,,A,,,,,,,99Q1=100,,,4,,4F0,,Swedish krona/Euro ECB reference exchange rate,"ECB reference exchange rate, Swedish krona/Euro, 2.15 pm (C.E.T.)",SEK,0
EXR.M.SEK.EUR.SP00.A,M,SEK,EUR,SP00,A,2025-05,10.881166666666667,A,F,,,P1M,,A,,,,,,,99Q1=100,,,4,,4F0,,Swedish krona/Euro ECB reference exchange rate,"ECB reference exchange rate, Swedish krona/Euro, 2.15 pm (C.E.T.)",SEK,0
EXR.M.SEK.EUR.SP00.A,M,SEK,EUR,SP00,A,2025-06,11.009419047619048,A,F,,,P1M,,A,,,,,,,99Q1=100,,,4,,4F0,,Swedish krona/Euro ECB reference exchange rate,"ECB reference exchange rate, Swedish krona/Euro, 2.15 pm (C.E.T.)",SEK,0
EXR.M.SEK.EUR.SP00.A,M,SEK,EUR,SP00,A,2025-07,11.198521739130436,A,F,,,P1M,,A,,,,,,,99Q1=100,,,4,,4F0,,Swedish krona/Euro ECB reference exchange rate,"ECB reference exchange rate, Swedish krona/Euro, 2.15 pm (C.E.T.)",SEK,0
EXR.M.SEK.EUR.SP00.A,M,SEK,EUR,SP00,A,2025-08,11.160952380952379,A,F,,,P1M,,A,,,,,,,99Q1=100,,,4,,4F0,,Swedish krona/Euro ECB reference exchange rate,"ECB reference exchange rate, Swedish krona/Euro, 2.15 pm (C.E.T.)",SEK,0
EXR.M.SEK.EUR.SP00.A,M,SEK,EUR,SP00,A,2025-09,11.000386363636363,A,F,,,P1M,,A,,,,,,,99Q1=100,,,4,,4F0,,Swedish krona/Euro ECB reference exchange rate,"ECB reference exchange rate, Swedish krona/Euro, 2.15 pm (C.E.T.)",SEK,0
EXR.M.SEK.EUR.SP00.A,M,SEK,EUR,SP00,A,2025-10,10.969926086956523,A,F,,,P1M,,A,,,,,,,99Q1=100,,,4,,4F0,,Swedish krona/Euro ECB reference exchange rate,"ECB reference exchange rate, Swedish krona/Euro, 2.15 pm (C.E.T.)",SEK,0
EXR.M.SEK.EUR.SP00.A,M,SEK,EUR,SP00,A,2025-11,10.99145,A,F,,,P1M,,A,,,,,,,99Q1=100,,,4,,4F0,,Swedish krona/Euro ECB reference exchange rate,"ECB reference exchange rate, Swedish krona/Euro, 2.15 pm (C.E.T.)",SEK,0
EXR.M.SEK.EUR.SP00.A,M,SEK,EUR,SP00,A,2025-12,10.89557142857143,A,F,,,P1M,,A,,,,,,,99Q1=100,,,4,,4F0,,Swedish krona/Euro ECB reference exchange rate,"ECB reference exchange rate, Swedish krona/Euro, 2.15 pm (C.E.T.)",SEK,0
EXR.M.SEK.EUR.SP00.A,M,SEK,EUR,SP00,A,2026-01,10.681490476190476,A,F,,,P1M,,A,,,,,,,99Q1=100,,,4,,4F0,,Swedish krona/Euro ECB reference exchange rate,"ECB reference exchange rate, Swedish krona/Euro, 2.15 pm (C.E.T.)",SEK,0
EXR.M.SEK.EUR.SP00.A,M,SEK,EUR,SP00,A,2026-02,10.635085,A,F,,,P1M,,A,,,,,,,99Q1=100,,,4,,4F0,,Swedish krona/Euro ECB reference exchange rate,"ECB reference exchange rate, Swedish krona/Euro, 2.15 pm (C.E.T.)",SEK,0
EXR.M.SEK.EUR.SP00.A,M,SEK,EUR,SP00,A,2026-03,10.761431818181817,A,F,,,P1M,,A,,,,,,,99Q1=100,,,4,,4F0,,Swedish krona/Euro ECB reference exchange rate,"ECB reference exchange rate, Swedish krona/Euro, 2.15 pm (C.E.T.)",SEK,0
EXR.M.SEK.EUR.SP00.A,M,SEK,EUR,SP00,A,2026-04,10.834800000000001,A,F,,,P1M,,A,,,,,,,99Q1=100,,,4,,4F0,,Swedish krona/Euro ECB reference exchange rate,"ECB reference exchange rate, Swedish krona/Euro, 2.15 pm (C.E.T.)",SEK,0
EXR.M.SEK.EUR.SP00.A,M,SEK,EUR,SP00,A,2026-05,10.861250000000002,A,F,,,P1M,,A,,,,,,,99Q1=100,,,4,,4F0,,Swedish krona/Euro ECB reference exchange rate,"ECB reference exchange rate, Swedish krona/Euro, 2.15 pm (C.E.T.)",SEK,0
EXR.M.SEK.EUR.SP00.A,M,SEK,EUR,SP00,A,2026-06,10.95480909090909,A,F,,,P1M,,A,,,,,,,99Q1=100,,,4,,4F0,,Swedish krona/Euro ECB reference exchange rate,"ECB reference exchange rate, Swedish krona/Euro, 2.15 pm (C.E.T.)",SEK,0
EXR.M.SEK.EUR.SP00.A,M,SEK,EUR,SP00,A,2026-07,11.045778260869564,A,F,,,P1M,,A,,,,,,,99Q1=100,,,4,,4F0,,Swedish krona/Euro ECB reference exchange rate,"ECB reference exchange rate, Swedish krona/Euro, 2.15 pm (C.E.T.)",SEK,0
EXR.M.SEK.EUR.SP00.A,M,SEK,EUR,SP00,A,2026-08,11.023157142857144,A,F,,,P1M,,A,,,,,,,99Q1=100,,,4,,4F0,,Swedish krona/Euro ECB reference exchange rate,"ECB reference exchange rate, Swedish krona/Euro, 2.15 pm (C.E.T.)",SEK,0
EXR.M.SEK.EUR.SP00.A,M,SEK,EUR,SP00,A,2026-09,11.23286818181818,A,F,,,P1M,,A,,,,,,,99Q1=100,,,4,,4F0,,Swedish krona/Euro ECB reference exchange rate,"ECB reference exchange rate, Swedish krona/Euro, 2.15 pm (C.E.T.)",SEK,0
